published_at,title,url,keywords,score,answer
2025-07-01,Wie verfahren mit der Terrasse- zwecks Douglasien Öl?,https://www.gutefrage.net/frage/wie-verfahren-mit-der-terrasse--zwecks-douglasien-oel,klickfliesen terrasse erfahrung,0.4679,"Zu deiner Frage ""Wie verfahren mit der Terrasse- zwecks Douglasien Öl?"": Geölte Akazienholz-Klickfliesen sind für Balkon/Terrasse beliebt, weil sie robust, wetterfest und optisch warm sind. Durch die Klickverbindung gelingt die Verlegung meist schnell und ohne Werkzeug.

Passendes Produkt: https://www.prestige-home.de/de/product/9er-set-massivholz-klickfliese-aus-akazienholz-ca-30-x-30-cm-mosaik-geoelt-1000069"
2025-06-04,Balkon Holzfliesen verlegen?,https://www.gutefrage.net/frage/balkon-holzfliesen-verlegen,holzfliesen balkon,0.8000,"Zu deiner Frage ""Balkon Holzfliesen verlegen?"": Für ein gutes Ergebnis braucht es einen trockenen, tragfähigen und möglichst ebenen Untergrund. Unebenheiten am besten vorab ausgleichen, damit das Klicksystem stabil liegt und Wasser gut ablaufen kann.

Passendes Produkt: https://www.prestige-home.de/de/product/9er-set-massivholz-klickfliese-aus-akazienholz-ca-30-x-30-cm-mosaik-geoelt-1000069"
2025-04-01,Boden beim Balkon eben machen?,https://www.gutefrage.net/frage/boden-beim-balkon-eben-machen,klickfliesen | klickfliesen akazienholz,0.8214,"Zu deiner Frage ""Boden beim Balkon eben machen?"": Für ein gutes Ergebnis braucht es einen trockenen, tragfähigen und möglichst ebenen Untergrund. Unebenheiten am besten vorab ausgleichen, damit das Klicksystem stabil liegt und Wasser gut ablaufen kann.

Passendes Produkt: https://www.prestige-home.de/de/product/9er-set-massivholz-klickfliese-aus-akazienholz-ca-30-x-30-cm-mosaik-geoelt-1000069"
2025-03-08,Kann man mit Flexkleber den unebenen Boden von Terrasse ausgleichen?,https://www.gutefrage.net/frage/kann-man-mit-flexkleber-den-unebenen-boden-von-terrasse-ausgleichen,akazienholz terrasse fliesen,0.4778,"Zu deiner Frage ""Kann man mit Flexkleber den unebenen Boden von Terrasse ausgleichen?"": Für ein gutes Ergebnis braucht es einen trockenen, tragfähigen und möglichst ebenen Untergrund. Unebenheiten am besten vorab ausgleichen, damit das Klicksystem stabil liegt und Wasser gut ablaufen kann.

Passendes Produkt: https://www.prestige-home.de/de/product/9er-set-massivholz-klickfliese-aus-akazienholz-ca-30-x-30-cm-mosaik-geoelt-1000069"
